<?xml version="1.0" encoding="UTF-8"?>
<!DOCTYPE mapper PUBLIC "-//mybatis.org//DTD Mapper 3.0//EN" "http://mybatis.org/dtd/mybatis-3-mapper.dtd">
<mapper namespace="com.ecg.system.mapper.EcgAdminMapper">
  <resultMap id="BaseResultMap" type="com.ecg.system.model.EcgAdmin">
    <!--@mbg.generated-->
    <!--@Table ecg_admin-->
    <id column="adm_id" jdbcType="INTEGER" property="admId" />
    <result column="adm_name" jdbcType="VARCHAR" property="admName" />
    <result column="password" jdbcType="VARCHAR" property="password" />
  </resultMap>
  <sql id="Example_Where_Clause">
    <!--@mbg.generated-->
    <where>
      <foreach collection="oredCriteria" item="criteria" separator="or">
        <if test="criteria.valid">
          <trim prefix="(" prefixOverrides="and" suffix=")">
            <foreach collection="criteria.criteria" item="criterion">
              <choose>
                <when test="criterion.noValue">
                  and ${criterion.condition}
                </when>
                <when test="criterion.singleValue">
                  and ${criterion.condition} #{criterion.value}
                </when>
                <when test="criterion.betweenValue">
                  and ${criterion.condition} #{criterion.value} and #{criterion.secondValue}
                </when>
                <when test="criterion.listValue">
                  and ${criterion.condition}
                  <foreach close=")" collection="criterion.value" item="listItem" open="(" separator=",">
                    #{listItem}
                  </foreach>
                </when>
              </choose>
            </foreach>
          </trim>
        </if>
      </foreach>
    </where>
  </sql>
  <sql id="Update_By_Example_Where_Clause">
    <!--@mbg.generated-->
    <where>
      <foreach collection="example.oredCriteria" item="criteria" separator="or">
        <if test="criteria.valid">
          <trim prefix="(" prefixOverrides="and" suffix=")">
            <foreach collection="criteria.criteria" item="criterion">
              <choose>
                <when test="criterion.noValue">
                  and ${criterion.condition}
                </when>
                <when test="criterion.singleValue">
                  and ${criterion.condition} #{criterion.value}
                </when>
                <when test="criterion.betweenValue">
                  and ${criterion.condition} #{criterion.value} and #{criterion.secondValue}
                </when>
                <when test="criterion.listValue">
                  and ${criterion.condition}
                  <foreach close=")" collection="criterion.value" item="listItem" open="(" separator=",">
                    #{listItem}
                  </foreach>
                </when>
              </choose>
            </foreach>
          </trim>
        </if>
      </foreach>
    </where>
  </sql>
  <sql id="Base_Column_List">
    <!--@mbg.generated-->
    adm_id, adm_name, `password`
  </sql>
  <select id="selectByExample" parameterType="com.ecg.system.model.EcgAdminExample" resultMap="BaseResultMap">
    <!--@mbg.generated-->
    select
    <if test="distinct">
      distinct
    </if>
    <include refid="Base_Column_List" />
    from ecg_admin
    <if test="_parameter != null">
      <include refid="Example_Where_Clause" />
    </if>
    <if test="orderByClause != null">
      order by ${orderByClause}
    </if>
  </select>
  <select id="selectByPrimaryKey" parameterType="java.lang.Integer" resultMap="BaseResultMap">
    <!--@mbg.generated-->
    select 
    <include refid="Base_Column_List" />
    from ecg_admin
    where adm_id = #{admId,jdbcType=INTEGER}
  </select>
  <delete id="deleteByPrimaryKey" parameterType="java.lang.Integer">
    <!--@mbg.generated-->
    delete from ecg_admin
    where adm_id = #{admId,jdbcType=INTEGER}
  </delete>
  <delete id="deleteByExample" parameterType="com.ecg.system.model.EcgAdminExample">
    <!--@mbg.generated-->
    delete from ecg_admin
    <if test="_parameter != null">
      <include refid="Example_Where_Clause" />
    </if>
  </delete>
  <insert id="insert" keyColumn="adm_id" keyProperty="admId" parameterType="com.ecg.system.model.EcgAdmin" useGeneratedKeys="true">
    <!--@mbg.generated-->
    insert into ecg_admin (adm_name, `password`)
    values (#{admName,jdbcType=VARCHAR}, #{password,jdbcType=VARCHAR})
  </insert>
  <insert id="insertSelective" keyColumn="adm_id" keyProperty="admId" parameterType="com.ecg.system.model.EcgAdmin" useGeneratedKeys="true">
    <!--@mbg.generated-->
    insert into ecg_admin
    <trim prefix="(" suffix=")" suffixOverrides=",">
      <if test="admName != null">
        adm_name,
      </if>
      <if test="password != null">
        `password`,
      </if>
    </trim>
    <trim prefix="values (" suffix=")" suffixOverrides=",">
      <if test="admName != null">
        #{admName,jdbcType=VARCHAR},
      </if>
      <if test="password != null">
        #{password,jdbcType=VARCHAR},
      </if>
    </trim>
  </insert>
  <select id="countByExample" parameterType="com.ecg.system.model.EcgAdminExample" resultType="java.lang.Long">
    <!--@mbg.generated-->
    select count(*) from ecg_admin
    <if test="_parameter != null">
      <include refid="Example_Where_Clause" />
    </if>
  </select>
  <update id="updateByExampleSelective" parameterType="map">
    <!--@mbg.generated-->
    update ecg_admin
    <set>
      <if test="record.admId != null">
        adm_id = #{record.admId,jdbcType=INTEGER},
      </if>
      <if test="record.admName != null">
        adm_name = #{record.admName,jdbcType=VARCHAR},
      </if>
      <if test="record.password != null">
        `password` = #{record.password,jdbcType=VARCHAR},
      </if>
    </set>
    <if test="_parameter != null">
      <include refid="Update_By_Example_Where_Clause" />
    </if>
  </update>
  <update id="updateByExample" parameterType="map">
    <!--@mbg.generated-->
    update ecg_admin
    set adm_id = #{record.admId,jdbcType=INTEGER},
      adm_name = #{record.admName,jdbcType=VARCHAR},
      `password` = #{record.password,jdbcType=VARCHAR}
    <if test="_parameter != null">
      <include refid="Update_By_Example_Where_Clause" />
    </if>
  </update>
  <update id="updateByPrimaryKeySelective" parameterType="com.ecg.system.model.EcgAdmin">
    <!--@mbg.generated-->
    update ecg_admin
    <set>
      <if test="admName != null">
        adm_name = #{admName,jdbcType=VARCHAR},
      </if>
      <if test="password != null">
        `password` = #{password,jdbcType=VARCHAR},
      </if>
    </set>
    where adm_id = #{admId,jdbcType=INTEGER}
  </update>
  <update id="updateByPrimaryKey" parameterType="com.ecg.system.model.EcgAdmin">
    <!--@mbg.generated-->
    update ecg_admin
    set adm_name = #{admName,jdbcType=VARCHAR},
      `password` = #{password,jdbcType=VARCHAR}
    where adm_id = #{admId,jdbcType=INTEGER}
  </update>
    <select id="selectByOne" resultMap="BaseResultMap">
      select * from  ecg_admin
      where adm_name = #{admName,jdbcType=VARCHAR}
    </select>
</mapper>