<?xml version="1.0" encoding="UTF-8"?>
<!DOCTYPE mapper PUBLIC "-//mybatis.org//DTD Mapper 3.0//EN" "http://mybatis.org/dtd/mybatis-3-mapper.dtd">
<mapper namespace="com.ecg.system.mapper.EcgDoctorMapper">
  <resultMap id="BaseResultMap" type="com.ecg.system.model.EcgDoctor">
    <!--@mbg.generated-->
    <!--@Table ecg_doctor-->
    <id column="doc_id" jdbcType="INTEGER" property="docId" />
    <result column="doc_name" jdbcType="VARCHAR" property="docName" />
    <result column="password" jdbcType="VARCHAR" property="password" />
  </resultMap>
  <sql id="Example_Where_Clause">
    <!--@mbg.generated-->
    <where>
      <foreach collection="oredCriteria" item="criteria" separator="or">
        <if test="criteria.valid">
          <trim prefix="(" prefixOverrides="and" suffix=")">
            <foreach collection="criteria.criteria" item="criterion">
              <choose>
                <when test="criterion.noValue">
                  and ${criterion.condition}
                </when>
                <when test="criterion.singleValue">
                  and ${criterion.condition} #{criterion.value}
                </when>
                <when test="criterion.betweenValue">
                  and ${criterion.condition} #{criterion.value} and #{criterion.secondValue}
                </when>
                <when test="criterion.listValue">
                  and ${criterion.condition}
                  <foreach close=")" collection="criterion.value" item="listItem" open="(" separator=",">
                    #{listItem}
                  </foreach>
                </when>
              </choose>
            </foreach>
          </trim>
        </if>
      </foreach>
    </where>
  </sql>
  <sql id="Update_By_Example_Where_Clause">
    <!--@mbg.generated-->
    <where>
      <foreach collection="example.oredCriteria" item="criteria" separator="or">
        <if test="criteria.valid">
          <trim prefix="(" prefixOverrides="and" suffix=")">
            <foreach collection="criteria.criteria" item="criterion">
              <choose>
                <when test="criterion.noValue">
                  and ${criterion.condition}
                </when>
                <when test="criterion.singleValue">
                  and ${criterion.condition} #{criterion.value}
                </when>
                <when test="criterion.betweenValue">
                  and ${criterion.condition} #{criterion.value} and #{criterion.secondValue}
                </when>
                <when test="criterion.listValue">
                  and ${criterion.condition}
                  <foreach close=")" collection="criterion.value" item="listItem" open="(" separator=",">
                    #{listItem}
                  </foreach>
                </when>
              </choose>
            </foreach>
          </trim>
        </if>
      </foreach>
    </where>
  </sql>
  <sql id="Base_Column_List">
    <!--@mbg.generated-->
    doc_id, doc_name, `password`
  </sql>
  <select id="selectByExample" parameterType="com.ecg.system.model.EcgDoctorExample" resultMap="BaseResultMap">
    <!--@mbg.generated-->
    select
    <if test="distinct">
      distinct
    </if>
    <include refid="Base_Column_List" />
    from ecg_doctor
    <if test="_parameter != null">
      <include refid="Example_Where_Clause" />
    </if>
    <if test="orderByClause != null">
      order by ${orderByClause}
    </if>
  </select>
  <select id="selectByPrimaryKey" parameterType="java.lang.Integer" resultMap="BaseResultMap">
    <!--@mbg.generated-->
    select 
    <include refid="Base_Column_List" />
    from ecg_doctor
    where doc_id = #{docId,jdbcType=INTEGER}
  </select>
  <delete id="deleteByPrimaryKey" parameterType="java.lang.Integer">
    <!--@mbg.generated-->
    delete from ecg_doctor
    where doc_id = #{docId,jdbcType=INTEGER}
  </delete>
  <delete id="deleteByExample" parameterType="com.ecg.system.model.EcgDoctorExample">
    <!--@mbg.generated-->
    delete from ecg_doctor
    <if test="_parameter != null">
      <include refid="Example_Where_Clause" />
    </if>
  </delete>
  <insert id="insert" keyColumn="doc_id" keyProperty="docId" parameterType="com.ecg.system.model.EcgDoctor" useGeneratedKeys="true">
    <!--@mbg.generated-->
    insert into ecg_doctor (doc_name, `password`)
    values (#{docName,jdbcType=VARCHAR}, #{password,jdbcType=VARCHAR})
  </insert>
  <insert id="insertSelective" keyColumn="doc_id" keyProperty="docId" parameterType="com.ecg.system.model.EcgDoctor" useGeneratedKeys="true">
    <!--@mbg.generated-->
    insert into ecg_doctor
    <trim prefix="(" suffix=")" suffixOverrides=",">
      <if test="docName != null">
        doc_name,
      </if>
      <if test="password != null">
        `password`,
      </if>
    </trim>
    <trim prefix="values (" suffix=")" suffixOverrides=",">
      <if test="docName != null">
        #{docName,jdbcType=VARCHAR},
      </if>
      <if test="password != null">
        #{password,jdbcType=VARCHAR},
      </if>
    </trim>
  </insert>
  <select id="countByExample" parameterType="com.ecg.system.model.EcgDoctorExample" resultType="java.lang.Long">
    <!--@mbg.generated-->
    select count(*) from ecg_doctor
    <if test="_parameter != null">
      <include refid="Example_Where_Clause" />
    </if>
  </select>
  <update id="updateByExampleSelective" parameterType="map">
    <!--@mbg.generated-->
    update ecg_doctor
    <set>
      <if test="record.docId != null">
        doc_id = #{record.docId,jdbcType=INTEGER},
      </if>
      <if test="record.docName != null">
        doc_name = #{record.docName,jdbcType=VARCHAR},
      </if>
      <if test="record.password != null">
        `password` = #{record.password,jdbcType=VARCHAR},
      </if>
    </set>
    <if test="_parameter != null">
      <include refid="Update_By_Example_Where_Clause" />
    </if>
  </update>
  <update id="updateByExample" parameterType="map">
    <!--@mbg.generated-->
    update ecg_doctor
    set doc_id = #{record.docId,jdbcType=INTEGER},
      doc_name = #{record.docName,jdbcType=VARCHAR},
      `password` = #{record.password,jdbcType=VARCHAR}
    <if test="_parameter != null">
      <include refid="Update_By_Example_Where_Clause" />
    </if>
  </update>
  <update id="updateByPrimaryKeySelective" parameterType="com.ecg.system.model.EcgDoctor">
    <!--@mbg.generated-->
    update ecg_doctor
    <set>
      <if test="docName != null">
        doc_name = #{docName,jdbcType=VARCHAR},
      </if>
      <if test="password != null">
        `password` = #{password,jdbcType=VARCHAR},
      </if>
    </set>
    where doc_id = #{docId,jdbcType=INTEGER}
  </update>
  <update id="updateByPrimaryKey" parameterType="com.ecg.system.model.EcgDoctor">
    <!--@mbg.generated-->
    update ecg_doctor
    set doc_name = #{docName,jdbcType=VARCHAR},
      `password` = #{password,jdbcType=VARCHAR}
    where doc_id = #{docId,jdbcType=INTEGER}
  </update>
    <select id="selectByOne" resultMap="BaseResultMap">
      select * from ecg_doctor
      where doc_name = #{docName,jdbcType=VARCHAR}
    </select>
</mapper>