<?xml version="1.0" encoding="UTF-8"?>
<!DOCTYPE mapper PUBLIC "-//mybatis.org//DTD Mapper 3.0//EN" "http://mybatis.org/dtd/mybatis-3-mapper.dtd">
<mapper namespace="com.ecg.system.mapper.EcgHuanMapper">
  <resultMap id="BaseResultMap" type="com.ecg.system.model.EcgHuan">
    <!--@mbg.generated-->
    <!--@Table ecg_huan-->
    <id column="id" jdbcType="INTEGER" property="id" />
    <result column="huan" jdbcType="VARCHAR" property="huan" />
    <result column="number" jdbcType="INTEGER" property="number" />
  </resultMap>
  <sql id="Example_Where_Clause">
    <!--@mbg.generated-->
    <where>
      <foreach collection="oredCriteria" item="criteria" separator="or">
        <if test="criteria.valid">
          <trim prefix="(" prefixOverrides="and" suffix=")">
            <foreach collection="criteria.criteria" item="criterion">
              <choose>
                <when test="criterion.noValue">
                  and ${criterion.condition}
                </when>
                <when test="criterion.singleValue">
                  and ${criterion.condition} #{criterion.value}
                </when>
                <when test="criterion.betweenValue">
                  and ${criterion.condition} #{criterion.value} and #{criterion.secondValue}
                </when>
                <when test="criterion.listValue">
                  and ${criterion.condition}
                  <foreach close=")" collection="criterion.value" item="listItem" open="(" separator=",">
                    #{listItem}
                  </foreach>
                </when>
              </choose>
            </foreach>
          </trim>
        </if>
      </foreach>
    </where>
  </sql>
  <sql id="Update_By_Example_Where_Clause">
    <!--@mbg.generated-->
    <where>
      <foreach collection="example.oredCriteria" item="criteria" separator="or">
        <if test="criteria.valid">
          <trim prefix="(" prefixOverrides="and" suffix=")">
            <foreach collection="criteria.criteria" item="criterion">
              <choose>
                <when test="criterion.noValue">
                  and ${criterion.condition}
                </when>
                <when test="criterion.singleValue">
                  and ${criterion.condition} #{criterion.value}
                </when>
                <when test="criterion.betweenValue">
                  and ${criterion.condition} #{criterion.value} and #{criterion.secondValue}
                </when>
                <when test="criterion.listValue">
                  and ${criterion.condition}
                  <foreach close=")" collection="criterion.value" item="listItem" open="(" separator=",">
                    #{listItem}
                  </foreach>
                </when>
              </choose>
            </foreach>
          </trim>
        </if>
      </foreach>
    </where>
  </sql>
  <sql id="Base_Column_List">
    <!--@mbg.generated-->
    id, huan, `number`
  </sql>
  <select id="selectByExample" parameterType="com.ecg.system.model.EcgHuanExample" resultMap="BaseResultMap">
    <!--@mbg.generated-->
    select
    <if test="distinct">
      distinct
    </if>
    <include refid="Base_Column_List" />
    from ecg_huan
    <if test="_parameter != null">
      <include refid="Example_Where_Clause" />
    </if>
    <if test="orderByClause != null">
      order by ${orderByClause}
    </if>
  </select>
  <select id="selectByPrimaryKey" parameterType="java.lang.Integer" resultMap="BaseResultMap">
    <!--@mbg.generated-->
    select 
    <include refid="Base_Column_List" />
    from ecg_huan
    where id = #{id,jdbcType=INTEGER}
  </select>
  <delete id="deleteByPrimaryKey" parameterType="java.lang.Integer">
    <!--@mbg.generated-->
    delete from ecg_huan
    where id = #{id,jdbcType=INTEGER}
  </delete>
  <delete id="deleteByExample" parameterType="com.ecg.system.model.EcgHuanExample">
    <!--@mbg.generated-->
    delete from ecg_huan
    <if test="_parameter != null">
      <include refid="Example_Where_Clause" />
    </if>
  </delete>
  <insert id="insert" keyColumn="id" keyProperty="id" parameterType="com.ecg.system.model.EcgHuan" useGeneratedKeys="true">
    <!--@mbg.generated-->
    insert into ecg_huan (huan, `number`)
    values (#{huan,jdbcType=VARCHAR}, #{number,jdbcType=INTEGER})
  </insert>
  <insert id="insertSelective" keyColumn="id" keyProperty="id" parameterType="com.ecg.system.model.EcgHuan" useGeneratedKeys="true">
    <!--@mbg.generated-->
    insert into ecg_huan
    <trim prefix="(" suffix=")" suffixOverrides=",">
      <if test="huan != null">
        huan,
      </if>
      <if test="number != null">
        `number`,
      </if>
    </trim>
    <trim prefix="values (" suffix=")" suffixOverrides=",">
      <if test="huan != null">
        #{huan,jdbcType=VARCHAR},
      </if>
      <if test="number != null">
        #{number,jdbcType=INTEGER},
      </if>
    </trim>
  </insert>
  <select id="countByExample" parameterType="com.ecg.system.model.EcgHuanExample" resultType="java.lang.Long">
    <!--@mbg.generated-->
    select count(*) from ecg_huan
    <if test="_parameter != null">
      <include refid="Example_Where_Clause" />
    </if>
  </select>
  <update id="updateByExampleSelective" parameterType="map">
    <!--@mbg.generated-->
    update ecg_huan
    <set>
      <if test="record.id != null">
        id = #{record.id,jdbcType=INTEGER},
      </if>
      <if test="record.huan != null">
        huan = #{record.huan,jdbcType=VARCHAR},
      </if>
      <if test="record.number != null">
        `number` = #{record.number,jdbcType=INTEGER},
      </if>
    </set>
    <if test="_parameter != null">
      <include refid="Update_By_Example_Where_Clause" />
    </if>
  </update>
  <update id="updateByExample" parameterType="map">
    <!--@mbg.generated-->
    update ecg_huan
    set id = #{record.id,jdbcType=INTEGER},
      huan = #{record.huan,jdbcType=VARCHAR},
      `number` = #{record.number,jdbcType=INTEGER}
    <if test="_parameter != null">
      <include refid="Update_By_Example_Where_Clause" />
    </if>
  </update>
  <update id="updateByPrimaryKeySelective" parameterType="com.ecg.system.model.EcgHuan">
    <!--@mbg.generated-->
    update ecg_huan
    <set>
      <if test="huan != null">
        huan = #{huan,jdbcType=VARCHAR},
      </if>
      <if test="number != null">
        `number` = #{number,jdbcType=INTEGER},
      </if>
    </set>
    where id = #{id,jdbcType=INTEGER}
  </update>
  <update id="updateByPrimaryKey" parameterType="com.ecg.system.model.EcgHuan">
    <!--@mbg.generated-->
    update ecg_huan
    set huan = #{huan,jdbcType=VARCHAR},
      `number` = #{number,jdbcType=INTEGER}
    where id = #{id,jdbcType=INTEGER}
  </update>
    <select id="findByHuanName" resultMap="BaseResultMap">
      select number from ecg_huan
      where huan = #{huanName,jdbcType=VARCHAR}
    </select>
</mapper>