<?xml version="1.0" encoding="UTF-8"?>
<!DOCTYPE mapper PUBLIC "-//mybatis.org//DTD Mapper 3.0//EN" "http://mybatis.org/dtd/mybatis-3-mapper.dtd">
<mapper namespace="com.ecg.system.mapper.EcgInfoMapper">
  <resultMap id="BaseResultMap" type="com.ecg.system.model.EcgInfo">
    <!--@mbg.generated-->
    <!--@Table ecg_info-->
    <id column="id" jdbcType="INTEGER" property="id" />
    <result column="pic" jdbcType="VARCHAR" property="pic" />
    <result column="beizhu" jdbcType="VARCHAR" property="beizhu" />
    <result column="createTime" jdbcType="VARCHAR" property="createtime" />
    <result column="user_id" jdbcType="INTEGER" property="userId" />
    <result column="huanzhe" jdbcType="VARCHAR" property="huanzhe" />
    <result column="heathy" jdbcType="VARCHAR" property="heathy" />
    <result column="sex" jdbcType="VARCHAR" property="sex" />
    <result column="age" jdbcType="VARCHAR" property="age" />
  </resultMap>
  <sql id="Example_Where_Clause">
    <!--@mbg.generated-->
    <where>
      <foreach collection="oredCriteria" item="criteria" separator="or">
        <if test="criteria.valid">
          <trim prefix="(" prefixOverrides="and" suffix=")">
            <foreach collection="criteria.criteria" item="criterion">
              <choose>
                <when test="criterion.noValue">
                  and ${criterion.condition}
                </when>
                <when test="criterion.singleValue">
                  and ${criterion.condition} #{criterion.value}
                </when>
                <when test="criterion.betweenValue">
                  and ${criterion.condition} #{criterion.value} and #{criterion.secondValue}
                </when>
                <when test="criterion.listValue">
                  and ${criterion.condition}
                  <foreach close=")" collection="criterion.value" item="listItem" open="(" separator=",">
                    #{listItem}
                  </foreach>
                </when>
              </choose>
            </foreach>
          </trim>
        </if>
      </foreach>
    </where>
  </sql>
  <sql id="Update_By_Example_Where_Clause">
    <!--@mbg.generated-->
    <where>
      <foreach collection="example.oredCriteria" item="criteria" separator="or">
        <if test="criteria.valid">
          <trim prefix="(" prefixOverrides="and" suffix=")">
            <foreach collection="criteria.criteria" item="criterion">
              <choose>
                <when test="criterion.noValue">
                  and ${criterion.condition}
                </when>
                <when test="criterion.singleValue">
                  and ${criterion.condition} #{criterion.value}
                </when>
                <when test="criterion.betweenValue">
                  and ${criterion.condition} #{criterion.value} and #{criterion.secondValue}
                </when>
                <when test="criterion.listValue">
                  and ${criterion.condition}
                  <foreach close=")" collection="criterion.value" item="listItem" open="(" separator=",">
                    #{listItem}
                  </foreach>
                </when>
              </choose>
            </foreach>
          </trim>
        </if>
      </foreach>
    </where>
  </sql>
  <sql id="Base_Column_List">
    <!--@mbg.generated-->
    id, pic, beizhu, createTime, user_id, huanzhe, heathy, sex, age
  </sql>
  <select id="selectByExample" parameterType="com.ecg.system.model.EcgInfoExample" resultMap="BaseResultMap">
    <!--@mbg.generated-->
    select
    <if test="distinct">
      distinct
    </if>
    <include refid="Base_Column_List" />
    from ecg_info
    <if test="_parameter != null">
      <include refid="Example_Where_Clause" />
    </if>
    <if test="orderByClause != null">
      order by ${orderByClause}
    </if>
  </select>
  <select id="selectByPrimaryKey" parameterType="java.lang.Integer" resultMap="BaseResultMap">
    <!--@mbg.generated-->
    select 
    <include refid="Base_Column_List" />
    from ecg_info
    where id = #{id,jdbcType=INTEGER}
  </select>
  <delete id="deleteByPrimaryKey" parameterType="java.lang.Integer">
    <!--@mbg.generated-->
    delete from ecg_info
    where id = #{id,jdbcType=INTEGER}
  </delete>
  <delete id="deleteByExample" parameterType="com.ecg.system.model.EcgInfoExample">
    <!--@mbg.generated-->
    delete from ecg_info
    <if test="_parameter != null">
      <include refid="Example_Where_Clause" />
    </if>
  </delete>
  <insert id="insert" keyColumn="id" keyProperty="id" parameterType="com.ecg.system.model.EcgInfo" useGeneratedKeys="true">
    <!--@mbg.generated-->
    insert into ecg_info (pic, beizhu, createTime, 
      user_id, huanzhe, heathy, 
      sex, age)
    values (#{pic,jdbcType=VARCHAR}, #{beizhu,jdbcType=VARCHAR}, #{createtime,jdbcType=VARCHAR}, 
      #{userId,jdbcType=INTEGER}, #{huanzhe,jdbcType=VARCHAR}, #{heathy,jdbcType=VARCHAR}, 
      #{sex,jdbcType=VARCHAR}, #{age,jdbcType=VARCHAR})
  </insert>
  <insert id="insertSelective" keyColumn="id" keyProperty="id" parameterType="com.ecg.system.model.EcgInfo" useGeneratedKeys="true">
    <!--@mbg.generated-->
    insert into ecg_info
    <trim prefix="(" suffix=")" suffixOverrides=",">
      <if test="pic != null">
        pic,
      </if>
      <if test="beizhu != null">
        beizhu,
      </if>
      <if test="createtime != null">
        createTime,
      </if>
      <if test="userId != null">
        user_id,
      </if>
      <if test="huanzhe != null">
        huanzhe,
      </if>
      <if test="heathy != null">
        heathy,
      </if>
      <if test="sex != null">
        sex,
      </if>
      <if test="age != null">
        age,
      </if>
    </trim>
    <trim prefix="values (" suffix=")" suffixOverrides=",">
      <if test="pic != null">
        #{pic,jdbcType=VARCHAR},
      </if>
      <if test="beizhu != null">
        #{beizhu,jdbcType=VARCHAR},
      </if>
      <if test="createtime != null">
        #{createtime,jdbcType=VARCHAR},
      </if>
      <if test="userId != null">
        #{userId,jdbcType=INTEGER},
      </if>
      <if test="huanzhe != null">
        #{huanzhe,jdbcType=VARCHAR},
      </if>
      <if test="heathy != null">
        #{heathy,jdbcType=VARCHAR},
      </if>
      <if test="sex != null">
        #{sex,jdbcType=VARCHAR},
      </if>
      <if test="age != null">
        #{age,jdbcType=VARCHAR},
      </if>
    </trim>
  </insert>
  <select id="countByExample" parameterType="com.ecg.system.model.EcgInfoExample" resultType="java.lang.Long">
    <!--@mbg.generated-->
    select count(*) from ecg_info
    <if test="_parameter != null">
      <include refid="Example_Where_Clause" />
    </if>
  </select>
  <update id="updateByExampleSelective" parameterType="map">
    <!--@mbg.generated-->
    update ecg_info
    <set>
      <if test="record.id != null">
        id = #{record.id,jdbcType=INTEGER},
      </if>
      <if test="record.pic != null">
        pic = #{record.pic,jdbcType=VARCHAR},
      </if>
      <if test="record.beizhu != null">
        beizhu = #{record.beizhu,jdbcType=VARCHAR},
      </if>
      <if test="record.createtime != null">
        createTime = #{record.createtime,jdbcType=VARCHAR},
      </if>
      <if test="record.userId != null">
        user_id = #{record.userId,jdbcType=INTEGER},
      </if>
      <if test="record.huanzhe != null">
        huanzhe = #{record.huanzhe,jdbcType=VARCHAR},
      </if>
      <if test="record.heathy != null">
        heathy = #{record.heathy,jdbcType=VARCHAR},
      </if>
      <if test="record.sex != null">
        sex = #{record.sex,jdbcType=VARCHAR},
      </if>
      <if test="record.age != null">
        age = #{record.age,jdbcType=VARCHAR},
      </if>
    </set>
    <if test="_parameter != null">
      <include refid="Update_By_Example_Where_Clause" />
    </if>
  </update>
  <update id="updateByExample" parameterType="map">
    <!--@mbg.generated-->
    update ecg_info
    set id = #{record.id,jdbcType=INTEGER},
      pic = #{record.pic,jdbcType=VARCHAR},
      beizhu = #{record.beizhu,jdbcType=VARCHAR},
      createTime = #{record.createtime,jdbcType=VARCHAR},
      user_id = #{record.userId,jdbcType=INTEGER},
      huanzhe = #{record.huanzhe,jdbcType=VARCHAR},
      heathy = #{record.heathy,jdbcType=VARCHAR},
      sex = #{record.sex,jdbcType=VARCHAR},
      age = #{record.age,jdbcType=VARCHAR}
    <if test="_parameter != null">
      <include refid="Update_By_Example_Where_Clause" />
    </if>
  </update>
  <update id="updateByPrimaryKeySelective" parameterType="com.ecg.system.model.EcgInfo">
    <!--@mbg.generated-->
    update ecg_info
    <set>
      <if test="pic != null">
        pic = #{pic,jdbcType=VARCHAR},
      </if>
      <if test="beizhu != null">
        beizhu = #{beizhu,jdbcType=VARCHAR},
      </if>
      <if test="createtime != null">
        createTime = #{createtime,jdbcType=VARCHAR},
      </if>
      <if test="userId != null">
        user_id = #{userId,jdbcType=INTEGER},
      </if>
      <if test="huanzhe != null">
        huanzhe = #{huanzhe,jdbcType=VARCHAR},
      </if>
      <if test="heathy != null">
        heathy = #{heathy,jdbcType=VARCHAR},
      </if>
      <if test="sex != null">
        sex = #{sex,jdbcType=VARCHAR},
      </if>
      <if test="age != null">
        age = #{age,jdbcType=VARCHAR},
      </if>
    </set>
    where id = #{id,jdbcType=INTEGER}
  </update>
  <update id="updateByPrimaryKey" parameterType="com.ecg.system.model.EcgInfo">
    <!--@mbg.generated-->
    update ecg_info
    set pic = #{pic,jdbcType=VARCHAR},
      beizhu = #{beizhu,jdbcType=VARCHAR},
      createTime = #{createtime,jdbcType=VARCHAR},
      user_id = #{userId,jdbcType=INTEGER},
      huanzhe = #{huanzhe,jdbcType=VARCHAR},
      heathy = #{heathy,jdbcType=VARCHAR},
      sex = #{sex,jdbcType=VARCHAR},
      age = #{age,jdbcType=VARCHAR}
    where id = #{id,jdbcType=INTEGER}
  </update>
    <select id="findByUserId" resultMap="BaseResultMap">
      select * from  ecg_info
      where user_id = #{userId,jdbcType=INTEGER}
    </select>
</mapper>