<?xml version="1.0" encoding="UTF-8"?>
<!DOCTYPE generatorConfiguration
        PUBLIC "-//mybatis.org//DTD MyBatis Generator Configuration 1.0//EN"
        "http://mybatis.org/dtd/mybatis-generator-config_1_0.dtd">
<generatorConfiguration>
    <context id="DB2Tables" targetRuntime="MyBatis3">
        <!--<plugin type="net.coderbee.mybatis.batch.BatchStatementHandler"></plugin>
        <plugin type="net.coderbee.mybatis.batch.BatchParameterHandler"></plugin>-->
        <commentGenerator>
            <property name="suppressDate" value="true"/>
            <property name="suppressAllComments" value="true"/>
        </commentGenerator>
        <!--数据库链接地址账号密码-->
        <jdbcConnection driverClass="com.mysql.jdbc.Driver"
                        connectionURL="jdbc:mysql:///ecg_user?useUnicode=true&amp;characterEncoding=utf-8"
                        userId="root" password="" >
            <!--开启读取数据库注释：为了把注释写到相对应的注解里面-->
            <property name="remarksReporting" value="true"></property>
        </jdbcConnection>
        <javaTypeResolver>
            <property name="forceBigDecimals" value="false"/>
        </javaTypeResolver>

        <!--生成service,serviceImpl-->
        <javaServiceGenerator targetPackage="com.ecg.system.service" targetProject="src/main/java"
                              implementationPackage="com.ecg.system.service">
        </javaServiceGenerator>

        <!--生成controller-->
        <javaControllerGenerator targetPackage="com.ecg.system.controller" targetProject="src/main/java">
            <property name="superClass" value="com.ecg.system.controller.UserController"></property>
        </javaControllerGenerator>

    </context>
</generatorConfiguration>