<?xml version="1.0" encoding="UTF-8"?>

<beans xmlns="http://www.springframework.org/schema/beans" xmlns:xsi="http://www.w3.org/2001/XMLSchema-instance"
       xmlns:mvc="http://www.springframework.org/schema/mvc" xmlns:context="http://www.springframework.org/schema/context"
       xmlns:aop="http://www.springframework.org/schema/aop"
       xsi:schemaLocation="http://www.springframework.org/schema/mvc
        http://www.springframework.org/schema/mvc/spring-mvc.xsd
        http://www.springframework.org/schema/beans
        http://www.springframework.org/schema/beans/spring-beans.xsd
        http://www.springframework.org/schema/context
        http://www.springframework.org/schema/context/spring-context.xsd
        http://www.springframework.org/schema/aop
        http://www.springframework.org/schema/aop/spring-aop.xsd ">

    <!-- 扫描的基本包路径 -->
    <context:component-scan base-package="com.ecg.system.controller" />

    <!-- 开启切面注解 -->
    <aop:aspectj-autoproxy proxy-target-class="true"/>


    <!-- 解析给前台传java对象 -->
    <mvc:annotation-driven>
        <mvc:message-converters>
            <bean class="org.springframework.http.converter.StringHttpMessageConverter"/>
            <bean class="org.springframework.http.converter.json.MappingJackson2HttpMessageConverter"/>
        </mvc:message-converters>
    </mvc:annotation-driven>

    <mvc:resources location="/js/" mapping="/js/**"/>
    <!-- 视图解析器
    解析jsp解析，默认使用jstl标签，classpath下的得有jstl的包
    -->
    <bean class="org.springframework.web.servlet.view.InternalResourceViewResolver">
        <!-- 配置jsp路径的前缀 -->
        <property name="prefix" value="/"/>
        <!-- 配置jsp路径的后缀 -->
        <property name="suffix" value=".jsp"/>
    </bean>

</beans>